season,season_label,league_games,league_fga,league_fga3,league_three_rate,league_tpa_per_game,league_efg,steph_fga3,steph_tpa_per_game,steph_tp_pct,league_three_rate_index,steph_tpa_index
2013,2013-14,1229,201579,49037,0.2432644273461025,39.899918633034986,0.496445562285754,600,7.6923076923076925,0.4533333333333333,100,100
2014,2014-15,1230,204126,52928,0.2592908301735203,43.03089430894309,0.5010949119661385,615,7.884615384615385,0.424390243902439,106.58805851815578,102.5
2015,2015-16,1230,205550,55117,0.2681440038919971,44.81056910569106,0.4958647531014352,646,8.075,0.44272445820433437,110.22737965321062,104.97499999999998
2016,2016-17,1230,207893,59085,0.2842087035157509,48.03658536585366,0.5025157172199161,884,11.189873417721518,0.45361990950226244,116.8311810388106,145.46835443037975
2017,2017-18,1230,209929,66237,0.3155209618490061,53.85121951219512,0.5136427077726279,788,9.974683544303797,0.4098984771573604,129.70287735497848,129.67088607594937
2018,2018-19,1230,211707,71339,0.3369704355547998,57.99918699186992,0.5211849395626975,501,9.823529411764707,0.4231536926147705,138.52022641821682,127.70588235294117
2019,2019-20,1230,219458,78742,0.35880213981718595,64.01788617886179,0.5241982520573413,810,11.73913043478261,0.43703703703703706,147.49470102618133,152.60869565217394
2020,2020-21,1059,188116,72252,0.384082162070212,68.22662889518413,0.5288279572178869,49,9.8,0.24489795918367346,157.88669402278128,127.4
2021,2021-22,1076,190983,74822,0.39177308975144387,69.53717472118959,0.5379196054099056,801,12.714285714285714,0.4207240948813982,161.04824450722168,165.28571428571428
2022,2022-23,1230,216722,86535,0.3992903350836556,70.35365853658537,0.5316903683059403,750,11.71875,0.38,164.13839846611376,152.34375
2023,2023-24,1230,217220,84164,0.3874597182579873,68.4260162601626,0.5452513580701592,639,11.410714285714286,0.4272300469483568,159.27512398133416,148.33928571428572
2024,2024-25,1230,218701,86355,0.3948541616179167,70.20731707317073,0.546538424607112,876,11.837837837837839,0.4075342465753425,162.31479708134273,153.89189189189187
